Variety;Soluble solids;citric;malic acid;glucose;fructose;glutamic acid;1-nitro-2-phenylethane;1-nitro-3-methylbutane;1-octen-3-one;1-pentanol;1-penten-3-ol;1-penten-3-one;2,5-dimethyl-4-hydroxy-3(2H)-furanone;2-butylacetate;2-ethylfuran;2-isobutylthiazole;2-methyl-1-butanol;2-methyl-2-butenal;2-methylbutyl acetate;2-methylbutyraldehyde;2-phenyl ethanol;3-methyl-1-butanol;3-methyl-1-pentanol;3-methyl-2-butenal;3-pentanone;4-carene;6-methyl-5-hepten-2-ol;6-methyl-5-hepten-2-one;b-cyclocitral;b-damascenone;benzaldehyde;benzothiazole;benzyl alcohol;benzyl cyanide;b-ionone;butyl acetate;cis-2-penten-1-ol;cis-3-hexen-1-ol;cis-3-hexenal;cis-3-hexenyl acetate;cis-4-decenal;eugenol;geranial;geranylacetone;guaiacol;heptaldehyde;hexanal;hexyl acetate;hexyl alcohol;isobutyl acetate;isopentyl acetate;isovaleraldehyde;isovaleric acid;isovaleronitrile;methional;methylsalicylate;neral;nonyl aldehyde;p-anisaldehyde;phenylacetaldehyde;prenyl acetate;propyl acetate;salicylaldehyde;trans,trans-2,4-decadienal;trans-2-heptenal;trans-2-hexenal;trans-2-pentenal;trans-3-hexen-1-ol
1;4.86667;3.66997;0.50105;16.48302;18.02876;1.64109;0.29936;3.17582;0.27464;8.57678;8.25066;2.19385;0.83848;2.09312;0.11195;2.21672;12.65903;6.99632;1.03332;3.78383;0.01824;30.28644;0.97996;0.43729;12.75016;0.05162;0.52105;6.07323;0.070016;0.007926;1.73722;0.17357;0.12394;0.12539;0.0556;0.362;2.02872;77.25488;56.47398;3.22125;1.86396;0.38549;0.30415;2.6769;2.03066;1.28872;101.60154;1.22579;57.94053;2.88475;0.31186;6.65637;0.23404;3.83559;0.05003;2.97104;0.16927;0.26318;0.00537;0.30359;0.01946;1.32899;1.17684;0.04317;0.77053;4.54883;1.50408;0.65383
2;4.7;4.37284;0.39035;15.94969;17.34323;1.49113;0.16884;3.69584;0.03419;2.39958;2.90631;1.56215;0.20048;0.45727;0.08729;1.23923;6.54924;8.42579;0.39616;3.8182;0.00614;20.19126;0.35242;0.3155;7.47528;0.02022;0.08148;1.77742;0.043481;0.004526;2.1083;0.21946;0.04996;0.08121;0.01749;0.12609;1.02477;12.73663;20.44191;0.71066;0.53086;0.31576;0.07181;0.39184;0.4154;0.55852;24.01964;0.08449;2.91293;0.42617;0.10895;11.79741;0.01722;4.18863;0.01015;0.2114;0.20433;0.08027;0.00344;0.08816;0.0047;0.32534;1.05333;0.00969;0.14783;0.50598;0.76234;0.18953
3;3.6333333333;3.7071895425;0.4081031308;7.0379084967;11.2777777778;1.6516129032;0.2151970026;20.7436168234;0.0378650867;4.6723410035;5.0917922711;0.4901458672;0.1094602122;0.2336882301;0.2487576665;5.7497905203;21.6076988155;15.0010253637;1.5106146459;4.2298719412;0.037963695;33.5221574904;1.0624887045;0.5613387994;5.6602291005;0.0451486497;0.2654571512;9.428156247;0.1660975988;0.010624447;0.741525551;0.0826209324;0.0719639439;0.0658489216;0.0418212595;0.2154001532;1.6646506196;76.7820284192;104.5213696612;2.2050241534;1.1744801353;1.1181097984;0.342186006;1.9219121166;2.3072060973;0.4510983835;209.9777793302;0.8141152383;36.4073568736;1.2797259844;0.1517842321;9.5214171583;0.0285187367;9.8991285465;0.1522462331;0.3256229391;0.2263618898;0.2286305712;0.0090875611;0.0995436689;0.0198163692;0.2871857557;1.1392880101;0.0075214631;0.1750518442;1.4189013508;0.5713049439;1.462235496
4;3.5333333333;4.3602836879;1.6014336918;5.3530864198;9.7128205128;1.3968665586;0.0835539879;19.9979481507;0.0431513378;2.289453291;5.5761613809;0.6850807843;0.0922873229;0.2305247811;0.2434441013;7.6711142233;11.2835650684;10.726250726;1.9632297137;3.7212136517;0.0486986189;27.5198092476;1.7533186024;0.3347416143;5.7886704104;0.0357162868;0.1293776477;2.8226802681;0.0923815121;0.0081024263;1.648522146;0.0578520607;0.840238087;0.0275514218;0.035423159;0.3214195641;1.9231474593;32.0385100959;136.7004893867;1.9042197892;0.3843416836;0.3644851806;0.1401363326;0.8439379352;0.9551470212;0.3441368979;112.5072737203;0.6726844914;8.0274515274;1.5497275064;0.4206155193;13.371901188;0.0200003263;9.509469584;0.1167308106;0.2076294415;0.1642675353;0.186393792;0.0291915999;0.0841627942;0.0334922311;0.4354984383;0.8921786385;0.0038739895;0.1459895576;2.6513210365;1.02040624;1.1294439197
5;4.66667;3.60533;1.27914;12.4683;17.184;1.4253;0.07106;2.53467;0.02231;2.48183;3.90423;1.57364;0.18854;0.22865;0.15279;2.17021;4.89776;5.21889;1.09202;4.04556;0.01529;20.40518;0.80142;0.21972;6.91228;0.02173;0.12401;2.16257;0.08632;0.005785;3.05592;0.13095;0.1119;0.05584;0.04252;0.28437;1.13931;34.92856;39.74276;2.57562;0.79781;0.11365;0.1135;0.84891;0.56524;0.95396;64.63755;0.72485;13.94545;0.65636;0.4691;13.66627;0.03745;5.16402;0.01441;0.26954;0.12069;0.14519;0.03117;0.07434;0.01364;0.32484;0.57884;0.01266;0.22823;1.502;1.30041;0.34955
6;4.6;3.7883161512;1.4309653916;13.0986666667;16.1444444444;5.767003367;0.2472923;4.9882777239;0.0384902218;3.7828079772;4.2892266366;1.2650534182;0.3295829475;0.083642116;0.0939905031;2.5488541303;3.9975486276;3.9191463287;0.353830333;2.7421821155;0.0139155507;14.304836798;1.2474290825;0.2558843798;5.1189025721;0.01854359;0.0232545551;2.3367197457;0.0532833541;0.0026996971;3.2969775925;0.0377633257;0.1877047335;0.060660767;0.0356738077;0.1426952356;1.2502613315;43.8506179378;46.7349631271;1.5832336349;0.853607643;0.1972537563;0.1191554544;1.3883349335;0.3657673608;1.2877937418;62.2455724829;0.3890488608;20.1838744779;0.2995901953;0.0808955757;3.5117851884;0.0366637216;4.8555517741;0.0685966426;0.0895814824;0.0815868068;0.1125358397;0.0092675611;0.1245767282;0.0105573962;0.2278314292;0.3724012928;0.0191988302;0.3316141298;3.5692098381;1.5253857386;0.6775740306
7;3.4;3.0696969697;0.8028673835;6.9530864198;9.9692307692;1.249098313;0.2544014353;17.9896302364;0.0320302338;2.9496701187;6.7947418746;0.8869971614;0.1072413399;0.1967500145;0.2054043504;5.3732126847;35.757648569;22.337950681;4.3361544726;5.9796005825;0.0154504265;52.0186505567;2.5698864057;0.7921022736;5.4681251091;0.0598306811;0.0915112066;3.5696030786;0.0831883852;0.002942032;2.3928633819;0.0840733782;0.147372058;0.0628259122;0.0347680844;0.5489349984;2.7126242916;35.6452901346;145.8480039422;1.5761195493;0.7892640359;2.2601663893;0.1513360879;0.9009209248;2.30099657;0.5594757523;135.031433936;1.0213049004;9.3740738312;3.4395722954;0.4698299496;14.1002928806;0.0170841986;9.20574146;0.1909605083;1.5424888905;0.2065686046;0.2135987918;0.0085762577;0.1457314598;0.043503149;0.8543341431;1.3899025185;0.0030859602;0.1563385171;2.8142560525;0.6813274788;0.9724544733
8;4.73333;5.28581;0.69754;15.26541;16.43922;1.16984;0.10632;3.23665;0.14369;3.78308;8.42611;1.81957;0.66532;0.09634;0.117;3.91493;10.42619;13.7621;0.92832;6.64311;0.01935;50.70176;1.05755;0.4169;13.25659;0.04749;0.40647;4.24359;0.073118;0.003999;2.22251;0.17384;0.38473;0.07872;0.05202;0.46107;1.53195;29.64879;27.54659;2.61496;0.95608;0.57791;0.14514;2.54762;1.54141;0.82373;25.39768;0.55383;6.53773;1.25361;1.36419;12.89685;0.18685;3.60744;0.04637;1.40541;0.11377;0.14545;0.00249;0.33036;0.01146;1.55533;0.7978;0.0521;0.40649;1.32098;0.98624;0.33453
9;3.9666666667;2.5375438596;1.0168498168;10.3146666667;11.7006802721;1.7452006981;0.3239964882;1.0284839571;0.0577212939;2.066491769;1.3042392932;0.0783448939;0.0978514997;0.1122708172;0.0490517178;1.7239657049;3.0795086035;1.8694738143;0.2208760378;3.6306409805;0.2496638476;13.6556587392;0.1031347833;0.165284711;1.5958262674;0.0033622375;0.1910698638;1.4170891783;0.0452198214;0.0072993182;1.027126597;0.0447627592;0.1771295756;0.1118655383;0.0176643689;0.091461117;0.2577004218;11.0946366238;10.8056501011;0.4512749747;0.2224731805;1.676924234;0.0717911374;0.4248133737;0.5082504934;0.3733840833;30.6901850032;0.1211165145;7.8203172846;0.2552216643;0.0698259989;3.9787149662;0.005667364;1.5171202059;0.0632708093;0.0793024654;0.2345732208;0.0920375072;0.0075854676;0.082027161;0.0108680515;0.1102493403;0.7510934053;0.0042659749;0.1394377093;0.6251453885;0.2157957441;0.3877466454
10;4.0333333333;3.9818181818;0.4053149567;8.8197530864;12.0717948718;1.0806282723;0.0491090426;4.4839428491;0.0312194936;3.4570218876;5.8976545073;0.9522766774;0.1531159691;0.2551007251;0.1868148377;4.132338292;10.198831807;6.9425795286;2.2179162935;2.7507078761;0.0081229441;18.2582965598;0.8597733954;0.4784697948;3.9266284402;0.0348474809;0.0841022657;6.1826013697;0.036173772;0.0035726802;1.7220354747;0.0955101616;0.096332298;0.0564133392;0.0135202899;0.6598605282;1.546981486;43.4842231857;96.0531378342;3.1053228253;0.9604290907;0.0361892068;0.2027752949;6.9442970216;0.7016941494;0.8116065678;95.4556897868;1.1282370929;12.9885523007;1.5368789769;0.4073776089;4.3939866005;0.0275186332;4.0254515531;0.0986951574;0.1333111423;0.2360612985;0.2434653651;0.0077995537;0.0427679761;0.0566523493;0.4920385214;0.7655292449;0.0040823824;0.1650263698;1.977041625;0.7976739197;0.7917070276
11;4.6333333333;2.7873684211;0.8805860806;16.1066666667;16.9904761905;1.94905888;0.2696386936;1.2604750715;0.0331999256;3.1861862743;3.705070088;0.4367999319;0.1761943343;0.2690884488;0.1295165907;2.9297779384;2.723257791;1.9725816206;0.2168616289;8.6362439201;0.2494084392;15.507406932;0.278485175;0.1732424192;3.3265950489;0.0073459724;0.1083071111;1.3581241597;0.0394251067;0.0086355399;2.643141884;0.0804006268;0.318435619;0.1826556252;0.0207990067;0.1256983137;0.6288728714;24.7748825185;30.3909839856;0.8624561041;0.3895348961;0.339747977;0.0706499287;0.5375972188;0.5047078673;0.5026690612;47.5313578772;0.217308657;10.4565898963;0.3120387406;0.111599844;4.4255082868;0.0074644504;3.6539702095;0.0483472758;1.3164480093;0.2349431209;0.1373831704;0.0110436266;0.1230467389;0.006108095;0.1472895638;0.4720349142;0.012507333;0.2405847718;1.9565491846;0.9300932271;0.4941978161
12;3.3666666667;3.2303030303;0.3569892473;8.3851851852;11.2512820513;1.1476439791;0.1386906873;7.1301623803;0.0441924343;3.0626160025;6.2470994967;0.8312514901;0.0991180252;0.1461218457;0.3099626323;2.2284334195;40.5766224245;27.2627330275;4.3315518811;6.6032543812;0.0860715582;21.4227704447;0.9979116996;0.389525828;5.7388312883;0.0264035367;0.1243461289;4.7774513086;0.1147068792;0.0030256516;2.6425496123;0.0627275609;0.053683567;0.0648209772;0.04245569;0.4539034527;2.005556265;61.8772664122;196.2611478224;2.3125341696;0.9464478465;0.9957795088;0.1704423551;1.1649400274;4.7925015403;0.7052203234;199.6415751882;0.5759970793;18.6197882981;3.7818624385;0.1297826955;6.3028583631;0.0291378397;3.3946185161;0.1494156934;2.4432423408;0.1750366833;0.3042166303;0.0101074082;0.1263058409;0.0580726883;0.7204894231;2.1713223818;0.0024419286;0.182588416;3.3556966762;0.8218209455;0.9370172533
13;3.7333333333;4.0151515152;0.2910394265;6.6864197531;9.6615384615;1.8540651917;0.1357129303;18.9832322359;0.024403528;2.6420423689;4.8598655697;0.5233129009;0.0619533797;0.2606706806;0.2382878242;3.8843072751;27.9109492851;26.4168352986;3.6475155467;6.013462146;0.0116709145;43.9950042694;1.1708436887;0.2442206763;5.8450489828;0.0200270973;0.0421471787;2.1506103437;0.1166567045;0.0045288051;1.1540409006;0.0763760026;0.1188017687;0.0242917827;0.0285835682;0.4340697726;1.7424543938;36.3509765533;93.2135408806;1.7179502499;0.4698983875;0.745988214;0.0802207948;0.6467409853;1.7780050407;0.4345736595;89.4569318679;0.355852378;9.3610169347;3.3553109001;0.4515417159;18.6390108288;0.0397624143;7.067737294;0.1505385402;0.3499637874;0.1330038452;0.2016938494;0.0046418921;0.1347830552;0.050308423;0.8460060809;1.4554562609;0.0038784401;0.1402977153;2.8455251058;0.6567738233;1.2644178948
14;3.8333333333;3.1466666667;0.3619047619;11.4885420835;13.4639455782;1.1005981512;0.448835483;1.1814832138;0.1059775972;5.82777509;2.374334564;0.2641295959;0.249861506;0.0734781458;0.0834386584;2.9699144247;6.6143826223;4.3568001199;0.6056139278;2.4868385107;0.7105799005;11.4296141724;0.2705632717;0.2803461723;2.3281509321;0.0115477064;0.3716608353;3.7366448487;0.0892875328;0.0025580915;1.7435305794;0.0936042102;0.3806554266;0.0820379167;0.0561502006;0.1539597243;0.5847474353;83.6248655188;33.6097616775;2.2398620674;0.8839703454;0.7431557711;0.1887176663;1.7390953881;1.4046240109;1.1172450578;72.0436929727;0.8396590497;55.3824471656;0.9270659379;0.057027061;1.2541851219;0.0110902299;0.9174617889;0.0581474027;0.6945553555;0.3235614969;0.1910528926;0.0141624029;0.1749785734;0.011311448;0.2667734536;0.8509723606;0.0086938484;0.3522939293;7.0681458469;0.6873707745;1.0695812362
15;4.2666666667;3.3362962963;0.3252747253;13.9503267974;14.9986394558;1.7740076128;2.5677319487;3.7747673054;0.0650764221;5.0818807848;4.2240504075;0.736362461;0.3067819459;0.1552861905;0.0652955702;4.0711736311;13.5005549628;10.4161434433;0.7776664115;2.8868241874;2.8465343609;16.8045239442;0.1906442105;0.2863904013;4.0458516544;0.0129974373;0.410329452;4.2815382432;0.082388788;0.0021510915;3.4008762313;0.0670031153;0.4354401168;0.3160239476;0.0471055598;0.0975774257;0.8242941608;61.1783534004;33.1801929815;1.9017601927;1.5155360239;0.8325590527;0.2242398604;1.8262625663;1.7746780821;1.1533364039;49.5387595633;0.3462524314;27.1800521541;0.9277475849;0.0675275563;3.1396080476;0.0248016417;3.4731987834;0.0787927053;1.3761031437;0.2185931387;0.1622227088;0.0023068666;0.561185738;0.0091033703;0.2867894007;0.565975349;0.0133158635;0.351652945;6.1912277642;1.2861987533;0.9044400019
16;3.8333333333;2.7137254902;0.3502702703;11.7948717949;14.4653061224;1.5690214547;0.2036020969;2.2760200716;0.0510626063;3.2568899969;2.9315261097;0.5933446291;0.2592514815;0.0508311886;0.1220293798;5.9645477813;4.4499816937;3.9670440844;0.4858282942;2.5312347462;0.0253075037;7.3102342515;0.0930751117;0.1275359364;3.2798890713;0.0203940311;0.1083807855;4.4135879372;0.0357903652;0.0082729365;0.7964584022;0.0350368285;0.7457894626;0.056382095;0.0214090643;0.050686017;0.5814220609;38.4680064699;36.7905153524;1.8819530803;1.3553777329;0.5241951828;0.18012012;1.881655538;0.321635749;1.1287634327;108.8922171438;0.758651475;29.7747876202;0.502634289;0.0503227484;2.2547623812;0.0267262365;2.7688477543;0.0800418432;0.9473800462;0.088827509;0.1607911127;0.0044458175;0.11947968;0.0065991006;0.1949596241;0.5173731392;0.0103633127;0.3053947234;3.7361893194;0.659368676;0.3760510303
17;4.1333333333;2.6535947712;0.2695495495;12.841025641;14.6068027211;1.4886446886;1.4854836575;10.0563888986;0.0801494448;4.640645062;3.4626438789;0.6596060126;0.4203412262;0.0428546795;0.0848922431;6.9046563198;7.8155238117;5.6889477188;0.5015805952;2.9707348485;0.4792271598;10.1981378646;0.5795178246;0.2481263079;4.6281304363;0.0272841652;0.2754391872;6.3778223345;0.058863254;0.0054867933;2.8545089025;0.0736635388;0.4844014094;0.2721463803;0.0274694707;0.0915562506;0.9196103524;44.1387681692;27.3816537547;1.9005541274;1.9261212704;0.6900425024;0.2323606555;2.7628870663;0.4102046343;1.922947276;59.3637168867;0.390175582;25.6868467719;0.5214359811;0.0217478018;3.5025061987;0.0225270757;7.2778115645;0.0769017243;0.8729173093;0.1401590193;0.2098749057;0.0026397787;0.2827419116;0.0193917765;0.2261754428;0.849327424;0.0166100997;0.3694882191;2.7440020502;0.7397358532;0.7778319923
18;3.4666666667;3.870877193;0.5025641026;5.7660377358;10.0586666667;1.996466324;0.0659416853;8.184647588;0.0196207258;0.5529473796;1.8990777074;0.2924620812;0.0644116903;0.0588122318;0.2831748075;3.2888052991;5.0996995353;11.6909255006;1.137215435;4.6305983311;0.0064382024;16.976967917;0.1777216341;0.1920696698;3.971445667;0.0169792248;0.0275308346;4.9053738697;0.0512688645;0.0042560628;1.1372127342;0.0875772246;0.4289362287;0.0189127657;0.0182081979;0.5246968121;0.6288912465;11.9991480971;34.0870277554;1.398642585;0.3726940839;0.0386060974;0.121281206;1.0841672029;0.598405208;0.9331765615;34.8866468435;0.2697867824;0.9253142644;0.7474326094;0.410817625;16.7050019348;0.004940081;2.6617444289;0.0217298141;0.3816058348;0.1088491167;0.1347490643;0.0123218569;0.0828268067;0.0079863381;1.0997870341;1.1083089946;0.003844131;0.0838012108;0.3849504782;0.2630742751;0.1444406846
19;4.43333;3.24539;0.43457;13.71572;16.40851;1.87844;0.28784;6.93094;0.03572;3.59862;4.50624;0.81359;0.22815;0.15562;0.20508;8.69663;14.81363;11.66176;2.88287;5.97441;0.0064;20.10589;0.6699;0.1891;7.18939;0.02286;0.2168;5.87379;0.058609;0.008632;2.01883;0.26525;0.43303;0.07187;0.03197;0.24743;0.83331;48.88164;22.20384;3.05451;1.72832;0.98079;0.18215;2.00468;0.72793;1.7836;64.83987;1.21623;36.96551;1.82677;0.3106;11.4342;0.0386;3.69504;0.0294;3.27791;0.13607;0.2178;0.00547;0.1669;0.01842;0.66412;0.96258;0.00941;0.2741;2.74434;0.69917;0.52508
20;5.26667;4.46933;0.4492;17.40881;19.50476;1.68894;0.10696;3.06592;0.0632;2.56418;4.36188;3.59338;0.28682;1.19942;0.17682;2.10605;8.54458;11.46572;1.1504;5.04289;0.00822;16.31321;0.27977;0.22662;9.78038;0.01599;0.23557;2.56338;0.04498;0.003524;4.92999;0.08803;0.15488;0.04074;0.02121;0.20969;1.10086;32.81065;94.68911;2.41571;1.50479;0.23457;0.09942;0.97823;0.98579;1.44898;115.35831;0.31406;8.88647;0.95005;0.19189;15.49147;0.11366;2.64021;0.02565;3.78821;0.09887;0.31075;0.00442;0.22514;0.01215;0.30244;0.85942;0.01218;0.32734;2.52813;1.81574;0.21115
21;4.6666666667;4.0814035088;0.3530726257;11.1209876543;15.508496732;2.4048166393;0.0805472074;13.2560350053;0.0594792095;2.6060649524;4.4947933704;0.8053443464;0.1080349199;0.38812692;0.2917407464;6.333227183;6.8644590056;3.740303279;0.8380013711;3.211036731;0.0146306613;18.2625732656;0.632373522;0.1753720604;7.7543436228;0.0215099362;0.1721616394;5.672813128;0.0987788264;0.0027065105;0.8892215716;0.054461003;0.3418751276;0.0302132187;0.0310842758;0.1536817776;0.8528632995;40.5172662672;51.8333368167;1.861024266;0.4154506776;0.4801683003;0.1393531195;1.3113316481;0.456605425;0.783337313;70.1684798491;0.41131744;16.3897576888;0.9498761746;0.2012071169;12.9610017253;0.0064270618;7.1032105797;0.0720716027;0.8844207021;0.1347920555;0.1321861292;0.0076176753;0.1074791979;0.0089580162;0.2387605182;1.2565030244;0.003007842;0.1907637874;1.1885003219;0.6751009917;0.9395548137
22;4.5666666667;4.2245614035;0.330726257;11.0913580247;14.8810457516;2.1858656734;0.203320297;21.2607133305;0.0591810622;2.4368670465;5.118036492;1.914878911;0.0739727678;0.0951374309;0.2939582212;5.803793024;8.0933020402;9.1634147894;1.649691561;4.1011509035;0.0074895171;29.5179036608;0.6284514553;0.3630973753;7.8472282995;0.0293676345;0.049199317;6.1279485095;0.0927221193;0.0050307291;2.9804818466;0.0933640394;0.6260987837;0.0377034208;0.041886126;0.3545550127;1.5749061733;40.6671045226;91.4351603324;2.7294873918;1.3024231789;0.5866396326;0.1592966812;1.8517905622;0.9387444988;0.6494852118;93.5720115133;0.50967933;11.2557995777;1.0587653018;0.8931497641;24.5937991244;0.0283753306;7.4903559671;0.0239910836;1.2466418424;0.1551350385;0.3029832221;0.0412412487;0.1668190862;0.0062131775;0.3331641278;1.3751297572;0.0041147433;0.1212960243;1.7193819277;0.9759245976;0.8142612454
23;3.8666666667;3.9747368421;0.4773773712;9.1292802236;13.1980130719;1.3644765764;0.0191521507;9.9799244496;0.0180482087;0.1808405684;1.0632719985;0.3978298907;0.0416777366;0.0595665615;0.3111925511;2.8809408118;4.7862228023;8.1771471443;1.0326612911;4.8141868051;0.0025627445;25.1301178706;0.1729244676;0.1788480132;3.688830399;0.0442325183;0.0254162668;2.0944234378;0.0325282924;0.0022691125;0.7262148425;0.0686912886;0.3093678256;0.010445621;0.008332046;0.1920125656;1.2483890035;4.7519682109;32.06907567;1.2465161464;0.4282345104;0.0187234076;0.0767594521;0.2454354894;0.3351224634;1.3460057057;35.1815389845;0.2529741254;0.0973093979;0.7750581624;0.750150561;33.238365828;0.0041671565;2.3164256527;0.0264533505;0.2685381236;0.0571181185;0.151747364;0.0092583123;0.0344920662;0.0054246152;0.3186756232;0.4025175224;0.0022646154;0.0555086537;0.3379019656;0.2652641476;0.1430693405
24;4.2;4.2161403509;0.3947858473;9.1699044957;13.1973856209;1.9369169771;0.1448162798;16.4209204941;0.0874082122;3.605188762;5.7533605132;0.6478639782;0.0533092053;0.5206608247;0.4533198818;9.9200959322;6.1570793797;4.4268904891;0.9924882557;2.4221846354;0.0296509522;24.0928246546;0.7328147267;0.2735295333;5.9647810116;0.024819503;0.2715923396;8.4825659065;0.1129556875;0.0014613205;1.1133234524;0.1001238644;0.9334286764;0.0393545991;0.0362510376;0.2662097767;1.0419941997;75.1810621507;79.7963479506;3.0534966593;0.7738407035;0.8309217425;0.3084429149;2.170132289;0.6283730742;0.5471528509;120.5165559248;1.0485750738;34.5748540321;0.9608094178;0.4647982236;9.9568444473;0.0032667104;5.5800377113;0.0987593526;0.9417390251;0.2258497821;0.2364784043;0.0117151434;0.1305621057;0.0115703977;0.2484043054;1.4569192397;0.0033891435;0.3264244909;1.4545534613;1.0392665562;1.5004039723
25;4.0666666667;3.8961403509;0.3441340782;9.3728395062;13.1764705882;2.0676689762;0.1702375146;40.3015099503;0.0407207395;1.9451874847;4.6778623822;0.8869691267;0.0855129161;0.065686727;0.3123883942;7.2034136572;13.3692698417;12.8813929731;2.1150632891;6.4294499228;0.0115126597;47.6431191074;1.0382586756;0.4875022113;6.6706321299;0.0309703807;0.0647564461;5.7855107219;0.077961449;0.0038587198;1.4933767151;0.079634003;0.2819549698;0.0327837048;0.0207827141;0.2689340587;1.8903365152;34.5188325304;81.2878251742;1.9123394849;0.9252249511;0.4989490915;0.1104987221;1.3541040673;1.4780417055;2.2017929134;88.4378237597;0.4163391014;7.3470749086;1.5545592158;1.2095594536;44.2073096071;0.0069791087;11.6315212004;0.0282766306;1.0204171529;0.12327776;0.2183050395;0.0438348597;0.1753506127;0.0042025624;0.3029865658;1.1547086335;0.0038763899;0.161853775;1.5469538477;0.7346670962;1.4274454396
26;4;3.7333333333;0.3252747253;8;11.936;2.3592775041;0.1465302766;42.4334674303;0.0184213013;1.0662519423;3.569727471;0.7572751674;0.0801398235;0.0521269762;0.2438165847;6.9777680311;10.5040603178;11.9334753923;1.2636165061;5.4748474704;0.0075024807;61.0839407371;0.3198663449;0.4081815418;7.1151028859;0.0106367271;0.0457893996;4.8121120151;0.0772448706;0.0021384592;1.6020180063;0.1192577584;0.7454866065;0.0202902169;0.0178518196;0.2481580284;1.3244025796;9.9408420072;49.4494554872;1.2050749359;0.6556987814;0.0368898001;0.124282249;1.1802296548;1.0777803353;3.6091380779;62.7834896052;0.2256177597;0.3123844379;1.1237153595;0.95925001;61.8815793573;0.0023421856;16.0141256954;0.0452835379;0.4356965345;0.1347563779;0.133318105;0.0238799387;0.1157261566;0.0101439722;0.3865650783;1.033097538;0.0031344967;0.1365888874;1.2049975388;0.520030803;0.799052729
27;3.5666666667;4.562962963;0.6271062271;8.1882352941;9.3823129252;1.6922240348;0.3569400182;5.4491526064;0.0658185017;5.3527491623;2.9405656134;0.233150895;0.1848452476;0.3707234336;0.1333170584;6.9525005967;12.2294971425;6.6962296183;0.6127762621;2.8050965824;0.2809355369;35.0485543835;1.3452387791;0.2386551946;2.9923467582;0.0164689866;0.1170784036;4.2758735408;0.0926960779;0.0051275477;2.9566917016;0.0853241272;0.6891765406;0.0441382596;0.0421022047;0.1068621814;1.3882061575;51.1443908576;29.2960624353;1.3414956875;0.5105504862;0.8039875863;0.1946830082;2.0337714984;0.804527549;1.690265226;84.9125971296;0.4203977356;39.5554921094;0.6557300947;0.1489351695;5.3985770016;0.1314094857;2.2622448366;0.1313326582;0.9853494826;0.2763820352;0.1354299704;0.0053115905;0.1235642155;0.0244204933;0.2380348366;0.3688285353;0.0084324238;0.393390518;3.9748174711;0.7423010943;1.1611831431
28;3.2666666667;3.4393939394;0.4301075269;5.3827160494;7.158974359;1.5297055678;0.1157653192;6.028263445;0.0254447834;1.7938439783;4.3960041023;0.2811876685;0.0423490435;0.2203595136;0.2045951068;1.3101979726;12.2705919054;17.0740837654;2.1353743689;4.556229488;0.0218845837;15.9527252071;0.557645444;0.1732106541;4.0354636406;0.0251334969;0.0365023277;2.3537468989;0.1412549751;0.0131939912;1.1102622162;0.0422214765;0.0831974013;0.0242266753;0.0200382156;0.3464230169;1.0571719497;29.113499116;76.9422824836;1.6557296938;0.3032548951;0.7927652246;0.0700670273;0.4954146521;2.1462386712;0.2887043067;83.9251866648;0.3618446938;7.8568121853;1.9709828982;0.2171002908;8.0319167443;0.0279822483;1.8672951295;0.1015225482;0.4108231667;0.1420960471;0.0932416379;0.0143350287;0.1180529741;0.0437198949;0.5232301892;1.1827758366;0.0038135898;0.0846979659;1.0343585929;0.4427813716;0.7455276921
29;3.0666666667;2.7696969697;0.4014336918;6.5283950617;8.0512820513;1.2062827225;0.0891089246;4.2343660203;0.0467657921;3.0716488314;7.2903128617;0.6246624886;0.1338308344;0.3243443742;0.2598467922;1.3788862715;18.1990739122;23.4375187938;2.7486184341;4.393224268;0.0204597257;19.3123458591;1.0263206222;0.2748088582;4.7662612219;0.0335603261;0.0863923956;3.3796128001;0.1374207971;0.0050302244;1.7198419065;0.0564396928;0.0388382438;0.0420241921;0.0536403602;0.356767666;1.9839083346;67.4240777276;123.7769063581;3.0364762221;0.8134792848;1.0991537606;0.1490316414;1.0760981038;5.7884706338;0.6294138942;133.9440311564;0.8676436409;23.1797217099;2.7811456638;0.3098285369;4.610388056;0.0277286382;1.7376935649;0.1079769129;0.9775677099;0.154515107;0.2663768124;0.0105135833;0.1075644828;0.097914059;0.6177140272;1.3825663702;0.0044662978;0.1981427658;1.8964307435;0.8746972856;0.8491563763
30;4;3.3038596491;0.4483516484;13.536;14.3346938776;1.7452006981;1.2673243326;8.5094366237;0.0355474325;1.8291989931;2.8066327445;0.6030714617;0.0940706554;0.2505308092;0.0964977283;5.3602889194;20.3821589313;21.2642346798;2.8263949301;7.5166117631;0.808192664;24.6218822319;0.5086862862;0.1054827295;4.1240035524;0.0084746293;0.1397342964;3.0676197761;0.0430551033;0.003991176;1.1558367542;0.0290885153;0.6561118494;0.1822331131;0.0221388298;0.1469932048;0.6920076814;32.1063725616;66.6815292655;1.2933138207;0.5963090166;0.1334694801;0.0975378502;0.6770334302;0.5091352883;1.8171140055;162.3536990385;0.5136126026;23.4084039707;2.3278246479;0.2793196593;14.8421205686;0.0268212309;4.3388048797;0.0777285755;1.7781159062;0.125548821;0.077636671;0.0142221475;0.2876864226;0.0051968561;0.4405270587;0.3036265308;0.0035624094;0.1835743464;2.1629179296;0.5937376741;0.6665047219
31;4.93333;3.99433;0.39224;16.71447;19.73333;1.85397;0.84525;15.72915;0.0616;3.87819;4.75269;1.08811;0.27235;0.57356;0.30769;7.03196;24.49731;15.41108;3.66149;8.09217;0.03513;37.61731;0.57423;0.38609;9.48735;0.02977;0.28211;10.99785;0.134296;0.010222;11.90804;0.34249;0.4211;0.31468;0.04034;0.37293;1.094;48.82265;39.65947;3.04713;1.47341;0.76798;0.35407;2.19503;0.16401;2.24154;81.08207;0.92713;26.359;2.31536;0.48208;24.73573;0.03412;8.44444;0.02867;0.45866;0.2245;0.34961;0.00189;0.44269;0.01603;0.64627;1.442;0.00902;0.24426;1.90347;0.76852;0.9985
32;4.6;2.87261;0.21474;15.03396;15.53987;1.73552;1.14505;11.99646;0.03611;4.73512;4.87586;1.09169;0.2099;0.07073;0.08309;6.29956;23.46972;18.4377;1.36762;6.11358;0.01192;23.60622;0.23253;0.42728;10.79873;0.02268;0.16106;6.95547;0.06513;0.006075;1.76018;0.21136;0.3897;0.24458;0.02587;0.14491;0.96864;41.19198;16.99615;1.46168;1.24476;0.43148;0.22948;1.98005;0.27929;1.46769;40.67435;0.35463;21.66423;1.22904;0.05702;10.71435;0.01911;8.12019;0.02377;0.18762;0.19203;0.15643;0.00305;0.30713;0.00801;0.66933;0.88395;0.00811;0.17772;0.69933;0.69993;0.58454
33;3.6;3.9909090909;0.4931899642;7.762962963;11.0564102564;0.7083908499;0.0362103256;2.833313028;0.0164511253;1.5732609241;3.7432436291;0.3811584047;0.0358100145;0.0801094036;0.1608921871;1.3289814494;18.6615302922;17.6852504328;3.2176242527;6.308446345;0.0694289435;15.1643192022;0.7245997558;0.2158359544;3.0135145773;0.0233076241;0.0404078743;1.2635600848;0.075362078;0.0116736607;0.7756114618;0.1154854522;0.0183554148;0.0305333355;0.0193387796;0.4017049918;1.021616463;23.5047115336;41.4472550349;1.2497250357;0.3679157531;0.6241217926;0.0461039948;0.2886031511;1.6626956045;0.4820224223;33.0037784008;0.338079835;5.4836690445;2.2641074332;0.1779997463;5.9491807952;0.031938755;1.6902374476;0.0622189249;0.5748711524;0.1083334871;0.1701966188;0.0049640781;0.1517190042;0.0663032202;0.6436966694;1.4535695247;0.0047457418;0.0819969103;0.6536172085;0.241259359;0.379382093
34;3.4;3.0454545455;0.3555555556;7.6345679012;10.4512820513;1.4110529378;0.5318630204;10.7285875559;0.078609423;3.2955699107;7.9589890146;1.0465036651;0.1353538947;0.2216163061;0.4645835428;3.75171782;26.1430966096;21.655644037;3.5393702162;6.1939749929;0.1219164652;16.9785124273;0.6118891535;0.4145632984;6.8796602207;0.0469992122;0.2996752394;7.5291420528;0.1247855851;0.0033924684;2.7964815416;0.0815532668;0.0528545967;0.0971209626;0.0630315385;0.4079530697;2.0396810043;78.8007290563;269.0383308167;3.3073661624;0.892836033;0.9853898329;0.3012775207;1.9656785398;3.5979634455;0.610469517;279.0291922548;0.8385121927;25.2806447178;2.8288781729;0.2904050724;6.9419524409;0.0286200484;5.0717025849;0.1266279116;4.6036428271;0.2222263186;0.3027202808;0.0098518091;0.2993066094;0.080558729;0.6192292015;1.7942423932;0.0040523421;0.2230237788;5.6650281145;1.2045247602;1.1491472301
35;4.3666666667;4;0.3565432705;11.7683671092;15.6977777778;1.4990874182;0.0469086429;8.7435033406;0.0354270777;1.2482761286;2.9497135241;0.6719681631;0.067364636;0.0376249451;0.112869195;2.6080051277;9.9834524073;9.0729931818;1.5366201872;4.6900532292;0.0043814209;22.8877491329;0.2043207212;0.3018862962;6.9859178622;0.0159922779;0.0344902278;3.8049814067;0.0805971287;0.0025452323;1.3776771003;0.0676310138;0.6220332938;0.0175429985;0.0260825589;0.2691422805;0.990719406;21.9020532488;48.9807402213;1.6641376881;0.7745559831;0.0218045234;0.1009800232;0.9214843404;0.8021925833;1.2863886178;70.228821719;0.3637483754;3.7397120594;1.4506981723;0.5062898727;20.7432259199;0.0061845525;3.299359745;0.0284248747;0.8519751518;0.1017829253;0.1931001606;0.0184567776;0.0652806101;0.0069651643;0.3679435729;1.1916562876;0.0023537958;0.1395663739;0.7594687463;0.5153777405;0.2405470821
36;3.1333333333;3.6680851064;0.4702508961;6.4296296296;10.7282051282;0.8955159373;0.2608346877;13.5170979742;0.0280036138;1.720481766;4.1290234303;0.3960700943;0.0455397371;0.0397135762;0.2416160466;3.3396231778;31.5380483461;24.9880458336;1.6476306331;6.8848197209;0.2296461217;26.203012773;1.0842999358;0.2774545463;3.4928416129;0.0303880827;0.1129839374;2.7767122225;0.0630077763;0.00419487;1.0949884147;0.0553032048;0.589248636;0.0311333791;0.0207918374;0.1772219395;1.2517225876;34.0266979658;79.0005768791;0.8616293817;0.4393705313;0.0151383065;0.1038523854;0.5341790292;0.3252493341;0.3381968112;94.0635937581;0.7359224596;12.0829935913;1.338038105;0.0978214316;9.8318599986;0.0195645556;4.0475266751;0.2433982899;0.1465218903;0.1449041133;0.124561224;0.0057473683;0.1571177049;0.0324096011;0.3001279579;0.6883571916;0.0039465195;0.1178006424;2.2146438428;0.5048097649;0.9184598763
37;4.4;3.34257;0.41544;14.38994;15.87451;1.10339;0.32269;3.96638;0.03209;5.37162;7.93969;1.06059;0.33165;0.04655;0.23678;2.68999;36.66924;31.19464;2.41029;6.85273;0.18088;53.80231;0.34751;0.4479;8.02916;0.0119;0.25335;3.60969;0.061569;0.006601;2.39218;0.16316;0.26353;0.12483;0.03845;0.27103;1.4725;36.43468;31.70696;1.48236;1.10953;0.0078;0.15274;1.28853;0.06882;1.02689;46.85566;0.3113;16.07422;3.27103;0.40526;11.28584;0.04998;3.48325;0.08982;0.02678;0.10498;0.15999;0.00262;0.41873;0.09514;1.45942;0.85331;0.01732;0.26504;1.0991;1.04961;0.42445
38;3.7333333333;2.714893617;0.3856630824;8.5333333333;13.8769230769;1.1202593193;0.0394473034;4.7242438525;0.0269245563;3.8466544957;3.5525210502;0.3664830014;0.0825615332;0.2105103848;0.1027043463;2.8077657269;7.1708836933;8.7023719819;0.9416654041;3.1987428793;0.0181338481;11.5520047524;0.2883585375;0.5123148964;4.9988297855;0.042893526;0.1042550647;2.5402431691;0.0975168469;0.0061026324;0.492007593;0.0473289356;0.077906711;0.0336200967;0.021602342;0.1510774084;0.7261034549;28.0229770459;32.4042176409;1.5725391605;1.124873923;1.2360854846;0.1218764344;0.4338261632;1.5492014404;0.2182722529;65.5746779705;0.6907225793;14.9011159099;1.2250165362;0.1393801557;4.0141361728;0.0265443063;5.8347243599;0.0394427715;0.4156074555;0.1166869103;0.2079950271;0.0074058467;0.025060133;0.0234214834;0.2745889072;1.9694498032;0.0047724171;0.1196189039;1.3041303891;0.4121594206;0.2893207977
39;3.0666666667;3.2368794326;0.5046594982;6.4098765432;10.1128205128;0.6310102647;0.0166172225;1.3993606138;0.0156846757;1.2802048843;4.1951458504;0.3283627248;0.0679830939;0.1168258889;0.18210135;2.8895603693;4.0507884389;7.8960219787;0.6452157132;2.6796690048;0.0116541029;8.1971697405;0.2623448969;0.2078966712;1.9482965118;0.0877396736;0.056711812;2.0617849452;0.0732875128;0.0049232985;0.540182127;0.0529076867;0.1972931876;0.0199768016;0.0202869719;0.1248529202;0.9702911879;30.6814692693;68.8435942109;1.2569042453;0.4218656907;0.1537433071;0.0440735732;1.7822422858;0.7353721748;0.1469456283;68.7655152265;0.9796814249;7.4901351804;0.6257898257;0.0738118806;2.5378656688;0.0332545503;1.1447175412;0.0263249909;0.5267570654;0.099229813;0.1443139023;0.0075954836;0.0358066647;0.0207954779;0.1791453784;0.6797042757;0.0034419521;0.088124425;1.1271210859;0.3953847531;0.2777833166
40;3.8333333333;2.1219858156;0.3612903226;6.449382716;9.7846153846;0.8393300918;0.2833741368;12.9227589591;0.0352528024;2.7249305561;6.866653819;0.9946985197;0.0958842187;0.1384947518;0.2128202907;3.2963888186;24.941262058;17.3499827689;1.9710558174;5.2811774296;0.3298961029;35.6970624255;1.0245545119;0.3780549233;5.7240854957;0.0135760955;0.1161238756;3.876896706;0.0859646323;0.0050549553;2.0256583632;0.0551462985;0.1984971143;0.0475678105;0.0428118546;0.2522449157;1.7675575246;43.7172806695;124.3625078789;1.4554279291;0.7425748036;0.8157230939;0.1444998794;0.9634339883;2.0659195764;0.4349816866;104.7508090807;0.2656618266;12.0530511067;2.1185571779;0.2158317108;13.0946714625;0.0189942921;6.712954157;0.1569370831;4.1727153984;0.1428331529;0.1269434505;0.0029564641;0.1921621495;0.0307440792;0.4128586297;1.2778986379;0.0041476464;0.1500415464;3.5513499441;1.113161134;1.0583055927
41;4.6;3.66469;0.33123;14.57815;16.69961;1.66383;0.62706;5.96776;0.06824;4.7834;7.26912;1.48736;0.37232;2.35286;0.20121;4.40383;16.40752;9.6014;2.33217;3.30893;0.01686;25.24994;1.42831;0.33281;6.29708;0.02997;0.25449;4.82816;0.099329;0.004865;5.73089;0.15643;0.2468;0.1682;0.04737;0.37976;1.9963;53.2662;72.63741;3.18332;1.95207;1.21459;0.2425;1.98111;1.68716;1.55053;109.74429;0.62055;18.41516;2.154;0.2476;7.41085;0.06256;4.65583;0.03696;1.29582;0.13343;0.2395;0.07582;0.27384;0.02318;0.71503;2.36937;0.01209;0.43063;2.47733;1.62101;0.65906
42;4.3333333333;4.1094736842;0.3285325475;9.4656417424;13.9400784314;1.8312392631;0.1452172457;16.5683091121;0.0452033055;1.4163643202;3.0244009039;1.1279608761;0.1331481077;0.0398080234;0.1852510795;4.6155778912;7.7938396548;8.3456241695;1.1501525606;4.9464668924;0.0045223733;28.0099280859;0.3030462083;0.3772353984;8.1027693233;0.0216518158;0.0619454027;4.2366959584;0.078568862;0.0020756877;1.8481959628;0.1023012937;0.8585315005;0.0193063476;0.0266457655;0.2603512569;1.5169546514;18.9171855148;57.896692323;1.8724541257;1.1059094311;0.0156714782;0.1482037912;1.3983448816;0.3544851425;2.0646688503;70.1449815881;0.300660515;2.7031407308;0.7314139202;0.6960027693;28.6385016122;0.0050081718;5.6769216464;0.0237964917;0.4420494077;0.122759844;0.139877283;0.0089367736;0.0775148217;0.010210478;0.3583014315;0.5764658664;0.0053195706;0.2465369432;1.4047382701;0.7029200762;0.3069754293
43;5.9;3.1663157895;0.2461538462;23.9253333333;22.6721088435;3.1946308725;0.1407888057;3.8273063837;0.079471243;5.4071718058;8.233961034;1.1427608757;0.3600616203;0.1852285103;0.3172117106;5.2785962319;12.5472598408;4.4220618596;0.5437347318;4.1936854367;0.0251198691;15.6537795448;0.6161493142;0.4927866133;6.6586392769;0.020028054;0.1065395344;3.6694706368;0.0764055652;0.0045776506;0.6400022384;0.0411439594;0.4967593073;0.1350253233;0.0270758781;0.0627693027;1.2334504754;84.1377173847;65.0990207195;1.4018897552;0.8292413706;0.3350744055;0.1641333251;0.4554792561;0.5341955036;1.6911009426;232.8313249587;0.6313889717;82.5181010298;1.2167708518;0.0277819898;4.6902686723;0.0044004152;4.588060687;0.0809704727;1.3433215761;0.1689834039;0.111841466;0.0093302651;0.0574679511;0.0132351801;0.1718113717;1.0219620843;0.0133839827;0.5258205856;5.6993541618;1.7063604105;1.260933088
44;6.5333333333;5.6687285223;0.3701275046;24.256;23.4555555556;8.2101010101;0.295808606;1.9571559043;0.0460864047;3.3060399696;5.2889745449;1.6719186459;0.2702249153;0.2918457563;0.1809202533;1.1334322247;14.2399878404;6.4598674525;0.7022154804;4.3235004027;0.3714217897;9.1580235908;0.9194828532;0.1571361188;6.5730147112;0.01030151;0.022096948;1.7358154055;0.046689552;0.0031113238;6.6085133206;0.0449946324;0.5974060488;0.115718603;0.0238260441;0.1010989796;1.0863328819;25.6552874957;54.494836571;0.9808870308;0.9425043099;0.6467637422;0.0699389585;0.801845807;0.1747101927;0.9463230544;58.5018002396;0.0725412115;9.6522396104;0.6877061636;0.0183354739;3.4643250479;0.0445301619;2.7491381646;0.1098895873;0.1332722183;0.0605759012;0.0745298307;0.0019430246;0.2719446717;0.0090321132;0.2202678535;0.5170347494;0.0134259561;0.2647180594;2.9084304806;1.2186301269;0.6779921647
45;6.0333333333;4.5221052632;0.2770949721;18.0543209877;22.2326797386;2.2541871921;0.0431028852;5.6989467549;0.0829696757;3.8423527861;10.2980669177;2.436704168;0.1055906244;0.234739271;0.3295744353;1.6391134921;25.2662285012;9.338284127;1.736448495;3.546456019;0.0143365587;62.9674012579;1.0968269443;0.2456095231;9.479995836;0.015388337;0.0998466572;2.1322729924;0.0805754838;0.0024697973;2.6455851078;0.0716720786;0.1364920239;0.0257550459;0.0433251374;0.1539257085;2.2909146525;90.2801066443;213.5451349831;2.2265128637;0.5662867915;0.7538371894;0.1005773222;0.6039490763;0.417930995;0.6854549626;174.0730135463;0.470450784;28.0951338454;2.1929894224;0.3388577601;17.0315187297;0.0046192393;5.9648863502;0.1299562138;2.6835816373;0.102714842;0.1319615626;0.0175127795;0.1184741261;0.0145539848;0.497550116;1.2946041199;0.0040665905;0.3957791587;7.5783174188;2.9888900644;1.1183681425
46;5.1666666667;5.3470790378;0.4269581056;19.2106666667;20.3666666667;6.1198653199;0.4333361895;5.3936222218;0.051716847;2.5872381566;3.2438156643;1.0474712732;0.2026743061;0.1214939865;0.2502869401;2.9737724951;5.9674452772;3.9996963784;0.4774908197;3.789438345;0.1506880414;8.5071347509;0.5888032695;0.1468489949;4.9882782691;0.0116510996;0.0204600342;2.3486158798;0.0394465125;0.002019213;6.1967292337;0.0704908195;0.2941205459;0.1104291867;0.0261295241;0.1335018393;0.8389747962;42.499995584;63.6983915908;1.5718507234;0.7273958759;0.2690635454;0.0899307297;0.9451818925;0.1710880005;1.4999271786;93.1102867202;0.3956938845;19.2716903867;0.3459186611;0.052915555;3.9016458969;0.045162913;3.6302446397;0.0873401347;1.1628568434;0.058548434;0.1105644597;0.0019725149;0.276699819;0.0113639746;0.1551476194;0.4851818926;0.0165729182;0.3262071041;3.5556945424;1.0705077778;0.7317083452
47;5.1;3.7278350515;0.4719184759;18.6773333333;19.7444444444;5.4222222222;0.2249665882;3.3225778175;0.0617817695;2.927448362;3.8155908347;1.1630371786;0.2610996174;0.2267844476;0.2694910877;2.5093355585;10.5857444142;6.895026457;1.0797334023;3.9705317591;0.3462109989;17.5062518352;1.0081604003;0.220298889;5.9496449825;0.0195255541;0.0583931076;2.4042040668;0.0491499718;0.0028303599;6.6068536675;0.0470256447;0.5986430133;0.0832801183;0.0255204915;0.2972336623;0.9635291376;32.6892779283;49.5365910548;1.5848890992;0.8888916573;0.4806500047;0.0964498105;1.1549974377;0.1747772195;0.8851943271;51.0372288567;0.275152473;11.5723771709;0.8571251838;0.1318990519;5.822064815;0.0541102738;2.9670924745;0.0932191303;0.3622039352;0.0600340514;0.1519859504;0.0020424476;0.2766796694;0.0112889199;0.3214461867;0.6185313553;0.0112089702;0.2434412084;2.6453636168;0.9267108428;0.7301101306
48;4.5;5.1929824561;0.3664804469;9.9555555556;14.0862745098;2.4205801861;0.1500504375;20.4860008156;0.0839810246;3.0718845888;5.9254769457;1.2121031455;0.0954602316;0.3514198126;0.4360027108;5.9903314885;11.5088335412;7.6833539512;1.0833839391;3.7975927137;0.0119756853;32.8236086864;1.5057762066;0.2573259127;7.9053378519;0.0229116702;0.1763908699;4.2968987423;0.097267602;0.0014718278;1.6092220531;0.0530413232;0.3820397633;0.035385107;0.0502152717;0.2241459711;1.7229506932;61.497168401;176.0611720008;1.9516465288;0.5776277522;0.4853715457;0.1429787002;1.3700207651;0.4694287093;0.5226821983;168.521039054;0.417213399;20.2014783072;1.1744479842;0.2928275207;17.6557870578;0.0052053166;10.1154205994;0.1110018586;1.8644147165;0.1103220827;0.1707053835;0.0105339945;0.0924296141;0.0114053668;0.263760222;1.1226252959;0.0035494611;0.2975669282;2.6196673041;1.5165210333;1.5329589736
49;4.5666666667;4.1235087719;0.3322160149;10.7456790123;15.6653594771;2.3295019157;0.0330687353;25.3628881439;0.0775362749;2.4801087324;6.5009182641;2.9678858176;0.1626295685;0.2942175412;0.4980610903;8.7715018843;7.3673724808;5.9313169457;1.306913947;4.7086285266;0.0077334599;25.7054610461;0.5012675178;0.2045634677;11.5182252761;0.029206675;0.0891060824;5.4351374494;0.1117891025;0.0024939119;0.8576191057;0.0310568611;0.4415652483;0.0202185013;0.062743998;0.1597448431;1.9014018831;66.0823178939;335.6987119544;2.9289740323;0.6168414214;0.2341003874;0.1677070297;1.3717921046;0.5082510387;6.1040873665;261.0226586533;0.7009943673;16.8792484948;1.0437803094;0.733775907;27.0271308278;0.0064641178;13.0490608302;0.0619099791;2.8147983548;0.1163839942;0.2636163154;0.0477422418;0.0983566513;0.0058721216;0.2370772912;1.0669314557;0.0030143307;0.4035590664;5.6585671297;2.4741188657;0.8953791946
50;5.23333;4.32533;0.33512;17.45912;19.8966;1.88388;0.29231;4.20047;0.02394;2.8945;3.88325;1.28371;0.09562;0.19732;0.36819;2.71744;11.95709;10.25559;1.17468;7.15023;0.01088;17.15616;0.31782;0.24916;9.14719;0.01296;0.12369;3.54581;0.062706;0.004674;5.61567;0.14724;0.13129;0.11618;0.02027;0.22056;0.81565;33.73541;31.76567;1.44694;0.63774;0.1236;0.1256;0.64598;0.08662;1.16989;71.54643;0.39639;19.78885;0.7594;0.14485;16.1123;0.02509;4.57445;0.01728;0.23639;0.08504;0.14574;0.0046;0.13124;0.00659;0.41691;0.59808;0.011;0.18733;1.07915;0.81493;0.44737
51;4.2;4.0056140351;0.364990689;9.8469135802;13.8875816993;2.3014778325;0.1242882275;22.6738163528;0.0745373188;3.7231053922;6.0616592348;0.8752788426;0.051947862;0.2845252919;0.4890825276;8.363980171;8.5416052779;5.734845204;0.718032315;2.6349963481;0.0312134026;31.2218941239;0.9626635484;0.2427185778;6.9042678275;0.0202102976;0.1885504842;6.9258346491;0.0979344302;0.0026402329;0.8626554762;0.0376377493;0.2176583796;0.050130875;0.0373157025;0.1487703283;1.3385761123;76.4637459259;86.5083006529;2.0660199988;0.7237963885;0.5865653535;0.2543197231;1.8271523558;0.1586531253;0.4435199362;152.716058298;0.7067836447;41.4688708175;0.9524623266;0.2042999833;14.6463325245;0.0029196627;8.2156507695;0.1286398791;0.6904990521;0.1943288172;0.1476697376;0.0063452865;0.0715778682;0.0078290938;0.235322065;1.0357200611;0.0051304582;0.3872978733;2.7984331306;1.2941520589;1.3853935091
52;3.2666666667;3.7307189542;1.8946593002;2.6248366013;3.5555555556;0.8567741935;0.0186490002;1.6900111187;0.0247423857;1.4801577665;3.9186637195;0.2743381311;0.0438038068;0.3038369175;0.14671466;1.4972720814;3.3612447235;10.7501190633;0.5327061733;3.0738264868;0.0139327459;15.2419296719;0.1984300649;0.2327025171;4.0712652219;0.0336625037;0.0540510219;1.4996248306;0.1207564413;0.0075548034;1.1435178373;0.0771517595;0.075425575;0.0133173668;0.0196878891;0.2139805849;0.5925666699;5.1266643282;17.3378179962;0.5272622473;0.2392132519;0.0724442195;0.0526921303;0.2676692853;0.1541010487;0.1711060224;15.7553767796;0.3344902165;0.98434347;0.6946875616;0.1893097878;8.582088803;0.0356143104;6.351092658;0.0467854472;0.0165103533;0.1175430269;0.1615089786;0.0063742989;0.0215482795;0.0036357881;0.2821780374;0.443343216;0.0035090117;0.0667031162;0.2522066956;0.304253972;0.2320690354
53;4.43333;3.73867;1.94323;13.20252;14.77007;1.17165;0.07674;1.481;0.01785;3.13167;4.28779;0.97039;0.19888;0.2201;0.12584;2.0174;6.37169;11.72215;1.01459;4.35307;0.01365;20.02391;0.38386;0.17511;7.26054;0.01013;0.16414;2.48498;0.07277;0.005031;2.87554;0.07767;0.21744;0.05202;0.02077;0.31927;0.71382;17.71919;21.389;1.3424;0.55226;0.06033;0.0864;0.61985;0.23499;0.78147;32.47455;0.50611;8.79006;0.76951;0.27539;10.2179;0.01576;3.30898;0.01569;0.04482;0.08601;0.1621;0.00277;0.06537;0.01355;0.58383;0.68469;0.01528;0.17512;0.50584;0.77717;0.29855
54;4.1666666667;3.8130584192;1.8666666667;9.3546666667;9.8222222222;4.0727272727;0.1587443196;3.1762136199;0.0580707946;2.9340861523;3.8790293605;0.9046301074;0.3036113312;0.1823808766;0.1024344178;3.7458794957;4.0520293783;4.6179765177;0.3274733297;2.7678056322;0.0094888559;7.8352635236;0.7032410885;0.2147260524;3.8096382811;0.0945045539;0.0219556259;2.7056558443;0.056386741;0.0038245321;6.2732198001;0.0683379084;0.819791054;0.1024244098;0.0344093459;0.0974866332;1.0691714518;25.1833214372;62.2190567334;0.9421812097;0.6837854317;0.0486982548;0.1405949122;1.3830366587;0.2056596776;0.9914623781;106.2510909171;0.5797454969;13.6487161089;0.2664816546;0.0466838645;2.7027591085;0.0583609914;3.5698806146;0.0834228263;0.057390195;0.0802338688;0.1193551334;0.0032163611;0.1192315268;0.0117005902;0.1327275893;0.2257086495;0.0105640592;0.4734158128;2.3712961221;0.9158148917;0.4235382482
55;3.9666666667;2.1866666667;0.9963369963;12.8853333333;13.2789115646;1.4408376963;0.3075281857;7.4966674754;0.0442262194;2.1693496634;4.2296197349;0.9116204858;0.1324713068;0.2016384899;0.0730081818;3.3058612263;11.1876458243;9.2576615377;1.8176195662;5.7369334534;0.121917907;16.4339185607;0.5236942606;0.1093615654;4.5444957374;0.0082749172;0.2178251336;3.893567176;0.0512155846;0.0054478258;3.7190460115;0.0338691048;0.6344208246;0.0892357392;0.0265600311;0.1692293803;0.8105034103;39.2587987859;73.9218841863;1.6592886177;0.9978305774;0.1968785739;0.1279455533;0.8570296256;0.6373450085;1.9874666146;123.3030514998;0.4269157549;19.963970289;0.867746828;0.1963868992;9.3583915324;0.0113358139;5.2861704937;0.1206221919;1.2560411527;0.1608060486;0.0981026268;0.0085476743;0.0922943535;0.0085555442;0.2398029149;0.697338798;0.0048803628;0.1932337615;2.249733628;0.7216912991;0.6476071653
56;4.4333333333;2.9659259259;1.0710622711;12.1516339869;14.5523809524;1.4860250136;0.1961952;2.9142137425;0.1430585161;9.2926146788;2.8156685586;0.6553900927;0.7429636487;0.1076040967;0.0638974285;4.3012742694;9.9689082772;5.1045741947;0.9466301456;2.68988632;0.0561580842;34.7875795153;0.8082217105;0.4762893276;3.7088999966;0.0198700899;0.1992334012;4.7267552349;0.1360454517;0.0022643276;0.9311471495;0.0500388076;0.4795459305;0.0352287861;0.0605937206;0.206121504;0.9159247963;65.4943627061;26.9034533683;2.9754010466;1.5336415677;0.4319430595;0.2499303655;2.2352885274;1.7779319958;1.9200420064;90.4401540457;1.2319920722;67.2368341532;1.8444918468;0.3286726848;3.6144823226;0.0307960831;2.2912711809;0.0385009324;0.5026534049;0.2081386433;0.356986178;0.0208565973;0.1528300634;0.0143982122;0.6545220692;1.3789396139;0.0328755062;0.5804545834;11.6622657157;1.285528397;1.0260271745
57;3.7666666667;3.9205673759;1.6372759857;6.4197530864;10.2051282051;1.524144926;0.02040355;24.0842047786;0.043762884;2.7750742333;3.6488359003;0.5328058934;0.0946167195;0.1089910459;0.2172355742;4.072575734;20.8524786792;13.9362277935;3.3549469249;4.4255096178;0.0082325954;63.4481977468;3.039539552;0.6823611707;4.8738871919;0.0416332568;0.0709445644;2.1247598942;0.0705601551;0.0079116341;0.8416677353;0.0626576285;0.0882198215;0.0108910974;0.0302700405;0.5151650318;2.6925761743;34.9584708234;103.9536708144;1.8677190076;0.5313228974;0.657185009;0.0844463794;0.7193828239;1.277273279;0.4289118756;141.3056467977;0.4260642924;12.2327966035;2.7533813636;0.7925850368;20.95678851;0.0269959464;7.0935208537;0.1287528816;0.9562938562;0.1627677626;0.1852966549;0.0034995652;0.1038627216;0.0452879745;0.7827767385;1.5464114189;0.0019677063;0.1005340325;4.4036158044;0.7392029577;1.3504523084
58;3.7666666667;2.9925925926;0.3941391941;11.4718954248;13.8340136054;1.2302338227;0.7488322662;1.3641995521;0.0929077897;5.6028134853;2.8048966564;0.3181365384;0.1529894462;0.0939593597;0.0558452403;3.4592369786;8.2084264747;5.2459193109;0.5126789961;2.3999516757;0.6423628754;14.8157315551;0.1453564248;0.3434220807;2.8748128431;0.0116887489;0.3111389928;3.6553095109;0.0826157992;0.0015670573;1.4009079456;0.0571754623;0.336781207;0.1149354844;0.034042638;0.1199975167;0.4937848493;51.2352291953;23.9576629106;1.314978245;0.7185221922;0.4382732775;0.1598839752;1.409969001;0.8851102064;0.9004179763;56.9312007513;0.4605774883;38.8030362903;0.9458738341;0.0680633263;2.0983424782;0.0106870236;1.2717072286;0.0419045039;0.4635568916;0.2016450982;0.14073845;0.0027799424;0.1539109428;0.0132158744;0.2774580604;0.7165420362;0.0082861458;0.2581413198;3.4619066177;0.6486849966;0.6316976173
59;4.8333333333;3.8568421053;0.3032967033;15.5413333333;15.619047619;2.0224463263;2.2582239248;5.221089331;0.051626738;3.6703152024;3.5274355215;0.5487615667;0.4120346955;0.821745203;0.0487185686;7.5970044073;8.394258953;4.7170756678;0.6752459378;4.1894897861;2.0170257364;24.1880049602;0.1873059605;0.3630721934;3.3503122022;0.0047697166;0.4725871793;10.8192642289;0.0637635954;0.0027290116;4.5047977646;0.0842647745;1.2847672405;0.4268572559;0.0268169456;0.1540933152;0.8948083622;37.4831208016;33.4896245997;1.5009215399;1.4237435333;1.262970062;0.2234337947;17.8124351035;0.9599975297;1.5693008259;56.7376928322;0.3104074178;18.9192165863;0.719768462;0.1359427628;6.1019085133;0.0311167211;4.5123507656;0.0927119902;2.8909004359;0.335487334;0.0936326713;0.0210794114;0.4011829772;0.0063472561;0.2998273732;0.8610261372;0.0186514096;0.3287956886;5.6185093304;0.8361665186;1.2051241881
60;4.7333333333;2.5038596491;0.9406593407;16.0106666667;16.3047619048;2.0559854137;0.4338674072;0.9823520248;0.0327682364;5.0032549649;2.8691727539;0.4218157634;0.1227298313;0.2314248739;0.0584574812;1.05034973;5.2451275427;3.4902968118;0.1335867396;3.6274872734;0.1472780695;17.6774675857;0.1292957113;0.2288193083;3.371317702;0.0051062959;0.1591324446;1.1280915687;0.0326360637;0.0041716054;1.4238010633;0.0219786522;0.2686367759;0.0933382958;0.0132447974;0.0724519643;0.6393113945;22.3327753616;11.9549998426;0.4294629608;0.3299379201;0.2600236547;0.0569298679;0.5602412226;0.4102446023;0.3986087953;29.1561316672;0.1489545311;16.194840459;0.4958732049;0.033919905;3.5220094279;0.0062965861;2.6540012714;0.028149816;0.0966099913;0.1030466829;0.0637726213;0.0110026046;0.045049691;0.0065396503;0.2806464237;0.4282628003;0.0122948334;0.1217570275;2.2774027328;0.8344825138;0.3162025679
61;3.4666666667;4.4;1.1770609319;4.6419753086;8.1846153846;2.1183597358;0.0111821714;8.5769646915;0.0713739101;4.354174782;7.2399331896;0.7413304418;0.1551219497;0.1048419346;0.309893558;4.1167678045;11.1673821741;8.3656953134;1.3904056931;3.2969163486;0.0703916473;27.9287219351;0.2365074695;0.3575397833;5.5677153373;0.0463716509;0.1175764567;4.7553091169;0.2227739715;0.004914332;0.6772776784;0.0390873769;0.0771782031;0.044129047;0.0713836129;0.2233814289;1.3056591397;121.7744485409;125.0319966956;4.0665833944;0.9175308894;4.0079521156;0.2260007177;1.6124844809;1.5128602011;0.5010801275;166.663252698;1.396896324;45.0285520859;1.5600307478;0.3968656787;7.4244367508;0.0206684736;8.6007306916;0.074665289;1.1352398985;0.1655175755;0.2446625388;0.011852517;0.027565974;0.1706981541;0.3255644392;1.4649403747;0.0249856813;0.2464427489;2.707945605;1.308248448;1.5288280327
62;5.2666666667;5.2068728522;1.5970856102;15.0826666667;17.7444444444;8.3447811448;0.755485551;23.6281061272;0.0380067811;3.642234679;3.9954433899;1.2192557532;0.2391661311;0.1282109842;0.080594839;5.7398659799;26.5911544028;21.6518299376;2.3501182011;6.0147381332;0.3100875294;60.2635464295;2.3322306337;0.437208874;6.9544714175;0.0168868231;0.0185663928;4.0896670098;0.0505279973;0.0038222047;5.454846444;0.0300721052;0.708263738;0.2501734404;0.0308721365;0.3601769433;1.9838727608;43.4530336983;88.2807558776;1.6764439492;1.1336093343;1.0577034694;0.1199904607;1.4300185236;0.368232122;6.2769635582;73.4286441631;0.3687190757;10.0985348148;1.5847282668;0.5641371893;21.1672708703;0.0601293442;16.6949517369;0.191741505;0.1557728598;0.0752914007;0.1063092072;0.0043452146;0.3895231005;0.0113143922;0.5226418205;0.8299690214;0.0050625103;0.2008658495;3.8030439443;0.9144991282;2.5434557381
63;4.0333333333;3.3487719298;0.3282051282;11.6055510204;13.5292517007;1.9507049127;1.5081910383;7.9814513475;0.0975444633;3.885071483;4.2013914485;1.7469789868;0.5731339176;0.836270888;0.121926152;4.1479645616;13.9200502396;7.2302680724;0.6820150941;4.5266220294;0.2399971941;19.373715954;1.0892051025;0.192292881;4.8180704715;0.0129557027;0.3227970991;5.0055231031;0.0737212093;0.0047322498;1.8958191678;0.0304338282;0.6136762656;0.1690220852;0.0575658566;0.1031485457;1.287887335;46.430612893;101.2571476548;1.2503547864;1.0818935569;0.6523078191;0.2323371158;1.6986733952;0.924163592;2.0511160932;255.5552149154;0.4254903587;40.7319435581;0.5820618727;0.0625741946;6.3395989748;0.0172718954;3.9122051198;0.1490366184;1.0884981627;0.1343008945;0.0935115905;0.0166159162;0.1717243102;0.0158346;0.3092208266;0.624111055;0.0242437998;0.877767045;4.8012008945;1.1187401213;0.6393516967
64;3.1666666667;4.6666666667;0.5333333333;4.7802469136;7.8358974359;1.2881908086;0.0229668273;4.0120773803;0.0505661068;2.1595302653;5.1156580281;0.5293241037;0.0667502328;0.2568210186;0.2912078646;1.4249827779;12.8616116247;15.4998645431;2.6622495713;4.6596235264;0.0173852829;28.4278883729;1.1424335619;0.3624550728;4.718714798;0.0397234073;0.0786707171;2.6675077023;0.1131064933;0.0036078094;0.9370869758;0.0552938939;0.0296352463;0.0297133791;0.0451364078;0.5286403479;1.5543438447;36.2800052936;114.5257350141;2.4085609102;0.5557634541;1.5486013693;0.1257513577;0.9245725044;2.1103509399;0.3276790391;104.2379959799;0.5188480503;9.2128823665;2.1145749136;0.5068976942;10.8545103172;0.0201025278;2.9522636813;0.0704691592;1.0432361279;0.1475273365;0.2334540247;0.0043124443;0.0162946704;0.0845797917;0.4420770302;3.2523052924;0.0054175766;0.1412443409;1.3413378147;0.5905523896;0.7822249367
65;5.1;2.2596491228;0.7135531136;17.568;16.8163265306;2.0509942178;1.2583752966;2.4049702328;0.0562549122;5.9513740834;3.4331148984;0.6221600247;0.556338407;0.2935929521;0.0614020115;2.6135167716;5.7984544208;3.085447075;0.2071685814;4.2963194306;0.5709399885;14.5445725506;0.1542822034;0.261012235;4.2602073101;0.0093717827;0.3451795467;2.4933012908;0.055875458;0.0042103027;4.4872117704;0.0524501616;0.3949794419;0.2138753988;0.0395725257;0.0793271643;0.710443714;41.0325682138;21.3042165822;1.0553262368;0.8687533142;0.6996602771;0.1583186598;1.3457479928;1.2666358798;0.7066494471;52.1933215347;0.3233740176;29.0963205763;0.3625329911;0.0270928686;2.6417152327;0.0043177308;2.3281440537;0.0598147351;0.4904517533;0.2167791064;0.1233074354;0.0087435314;0.1275098052;0.0108284825;0.3243290805;0.5292593455;0.0452236889;0.4517146588;1.5700589395;1.1238668595;0.6659616996
66;4.3;3.1281323877;0.7692191925;11.4381989833;15.6008547009;2.0144368345;0.0209218335;15.0834108453;0.0607157125;3.5092378871;6.5560569327;0.988264982;0.1459261367;0.5540377238;0.2723038295;5.1460868728;11.6043853072;8.6963399428;1.5040199117;3.0919867381;0.0255443705;29.2929298533;1.1207771957;0.5392987501;5.7579774084;0.0466924265;0.1770471559;4.6855036229;0.1352873914;0.0035357339;1.6349096123;0.0472440023;0.0297172008;0.0321315795;0.044215943;0.2998141106;1.6426490939;56.6782274902;95.7410567577;2.7488979828;1.081520684;2.5050282056;0.2162824988;1.2153024897;6.2848213946;0.4310632831;151.5592125816;0.7878178486;21.3275718007;1.5632516584;0.3045223413;9.8774877008;0.0243928114;9.4493378584;0.0891009444;0.3753364256;0.1565109761;0.2240564125;0.0231728917;0.0666274161;0.0161803838;0.2982334478;3.1735274272;0.0141736574;0.1790947356;2.2301237058;1.1514359842;1.1794281425
67;4.3333333333;2.9454545455;0.8831541219;10.9461147422;14.1829059829;1.9425247237;0.0352545472;12.8809473767;0.0404708027;3.0964150096;5.9782489843;0.7321411183;0.1327291834;0.595907963;0.3105638829;4.1608106904;10.7610481749;8.4981563303;1.6870440429;3.4313945475;0.0173527342;25.5087884933;1.865270094;0.340002187;6.2482153339;0.0377672974;0.0909921051;2.8500314997;0.1073085687;0.0095802384;1.6375103906;0.0695582225;0.0427563199;0.019818655;0.0219739091;0.3507049826;1.8048046059;34.4467533343;81.3931023301;2.0673888956;0.8752744461;2.3425608335;0.1383743724;0.988739749;2.5614212016;0.6372494042;107.1333918964;0.5175258941;12.3163175851;1.4731538543;0.3326559378;10.6436985404;0.024945981;6.6975147606;0.1284614177;0.1522130584;0.1857640649;0.1458216048;0.021651413;0.0866671562;0.0257202336;0.3546129805;2.8155906892;0.003450561;0.1616823304;1.4595232584;0.8752516379;1.010993782
68;4.2333333333;2.2701525054;0.6284684685;12.8697435897;15.5520669806;1.7305665288;0.8855948708;11.7213828232;0.0529210029;5.4052454733;3.2522702296;0.615623805;0.5098848521;1.0145453673;0.0782913023;4.3938028297;14.528420198;4.6230604054;0.8545639409;2.2501024039;0.0309720893;18.7959468567;1.0456407202;0.3690977711;3.8862419065;0.019794383;0.0774898148;5.3049059572;0.0788832527;0.004008684;3.4422416597;0.0684900515;0.4353744936;0.248029329;0.0449834817;0.1314631782;1.247431197;48.1822973917;38.3096538562;1.8924776648;1.8303088971;0.8859326289;0.2497094347;2.8743288212;0.7439840335;1.895411497;108.6020988813;0.5212000229;36.9460714453;1.3113644154;0.0443256905;3.8316331843;0.0254450436;8.5428840861;0.0866271393;0.2069980783;0.148800055;0.1236888704;0.0061218852;0.1677137552;0.0178693226;0.2752126411;1.1454746425;0.024526232;0.4671701729;5.962284723;0.93823479;0.9470333005
69;4.63333;2.58218;1.0807;16.37233;17.61046;1.49333;0.39155;12.37212;0.08709;7.01803;8.22188;2.05714;0.73603;0.57235;0.10454;5.56003;26.99387;13.54836;2.36342;4.63184;0.01547;70.21222;1.61978;0.68982;9.35882;0.03662;0.33677;5.54696;0.100716;0.004993;13.29461;0.21661;0.37532;0.20965;0.04399;0.3348;2.51286;52.23426;54.44364;2.95391;2.02204;0.01562;0.29013;2.38937;0.09446;2.17875;100.78822;0.65976;26.48488;1.87451;0.68818;18.05868;0.0558;13.94565;0.08533;0.02059;0.19838;0.25272;0.00916;0.19017;0.01151;0.66843;0.74566;0.0429;0.62545;3.41523;1.97369;0.76786
70;4.1;2.4810457516;0.2897297297;13.6923076923;15.7605442177;1.5346938776;1.5204448065;10.7237553099;0.0668587866;5.0914713814;3.0077730766;0.5176969115;0.3685041545;0.1506315402;0.0940764082;6.6148290347;5.7861529803;3.9022435929;0.264176238;2.7246895025;0.1021793064;12.1583449499;0.3048280409;0.2580002637;4.1725532749;0.0208302485;0.2364149321;6.4894344472;0.0683034312;0.004383495;2.3649275716;0.0506246719;0.448185388;0.2248158075;0.037158236;0.0750954435;0.5337611172;43.0271369265;19.7214557087;1.73373678;1.9603735975;0.5062710504;0.252629584;2.7085434517;0.4670745368;2.2369874043;71.276532929;0.5043508379;38.8103873276;0.3740269582;0.0156494013;3.7552219513;0.0178335927;8.3816611614;0.0693924304;0.3112816955;0.1416260482;0.1418006564;0.0021045976;0.1439312051;0.020652777;0.2501541243;0.8573695061;0.0193835039;0.3548531428;4.1247968511;0.6642616115;0.7898960032
71;4.5666666667;4.4884210526;0.5157509158;11.8933333333;14.9442176871;1.9779722095;1.1964932477;30.5856393258;0.0637071735;3.2998846556;4.1496765062;0.9438671023;0.2320507025;0.1706470026;0.1705713184;7.0679665005;46.5158846161;31.9930698652;2.6569374838;12.0097502214;1.4286667844;57.8997359678;0.9730607306;0.3090464934;6.114103832;0.0122719678;0.0621860727;4.8239228733;0.0688223522;0.0052726169;6.6446752025;0.0352227829;1.2009746962;0.3075587712;0.0352089902;0.2575725475;1.2597261471;47.6671199712;114.1736390189;1.4350584772;0.8866203219;2.068694674;0.1477337866;1.1422717462;0.9700401616;4.9404769245;168.6102381067;0.2868101073;22.681407613;1.813259564;0.2772740217;27.6349821905;0.0410009675;20.0039066908;0.306012557;1.2785161423;0.1963816293;0.1388896069;0.0131299904;0.6508396497;0.0087290502;0.4896514547;0.8716587543;0.0081191196;0.2877320281;4.0350590282;0.889198994;2.3814295553
72;3.7;3.790070922;0.3756272401;8.3851851852;11.8974358974;1.4863623848;0.4144761547;37.60366922;0.0504292016;1.9075420375;4.7102556072;0.6835863768;0.0965531349;0.1365742206;0.1780437039;5.1097382667;43.487133015;28.4725005302;3.3496947423;6.7088888301;0.2005651913;44.2608046711;1.0575089149;0.4262231273;3.8646171396;0.0207800351;0.1145946842;4.2393150076;0.0914375277;0.0047990098;1.5711276158;0.0548039597;0.1042726788;0.059389484;0.040980182;0.274820334;1.6533946357;36.8214137962;207.1939060276;1.36305259;0.6344381411;0.6095813265;0.1487567071;1.0652829362;2.12893715;0.4450117258;166.6907172576;0.2582361218;10.1286286341;2.7866738168;0.321793167;16.4175202842;0.0354196671;12.8145007316;0.1612774785;3.6428006272;0.194602594;0.1763408087;0.0033744869;0.3024600211;0.0475053455;0.4214001409;1.2766622271;0.002156194;0.184986317;6.4227891446;0.8194363498;1.3262074193
73;4.16667;3.09904;0.30908;12.45786;14.13664;1.90809;1.69564;15.13027;0.02136;3.3928;3.24895;0.49412;0.17523;0.04633;0.05728;4.07488;18.37983;14.63753;1.20356;4.91461;0.0091;23.95578;0.1684;0.30425;6.65525;0.01148;0.12861;6.40007;0.038972;0.005876;1.93257;0.22743;0.1889;0.28704;0.01191;0.08964;0.71581;14.70771;9.42158;0.9815;0.95043;0.38292;0.15398;1.21045;0.41412;1.43895;18.66553;0.17273;5.12828;0.90897;0.14896;10.00573;0.05439;6.97916;0.01898;0.41214;0.17799;0.1572;0.00219;0.21235;0.00584;0.35968;0.96878;0.00613;0.09334;0.44346;0.2823;0.43271
74;5;3.0456140351;1.1047619048;15.6053333333;17.9047619048;1.9079861477;1.6567987182;8.4685861207;0.066602313;4.9696241283;4.146195347;1.0603902018;0.4832197092;0.0483002505;0.06163052;9.1152125111;12.0389170236;15.8890844406;1.1909915514;4.3669980843;1.7544958519;64.1279693645;0.3446868527;0.3011525436;4.3999872742;0.0142801866;0.2391853348;3.6509600675;0.0797809066;0.003948687;3.321657351;0.0600461656;0.6286461694;0.4103375978;0.0450400249;0.1852459216;0.8112405146;49.3948032602;38.6007918542;2.1389924779;1.0501789642;0.1584975886;0.1436914114;1.5397549752;0.591047471;1.5003077824;69.1049334807;0.5842223864;30.2087674582;1.5353318259;0.5563682038;11.6744363324;0.0279226336;10.6916755938;0.1109382532;0.8258190766;0.3051405026;0.257415097;0.0070762353;0.3643697602;0.0102742486;0.9521489885;0.4469420747;0.0269004686;0.50674093;3.7424019924;1.4132387384;1.5466575906
75;4.9666666667;3.1803508772;0.2593406593;16.5601088435;18.4054421769;1.9712725129;1.3604922175;12.9116918505;0.0489664177;3.1942852779;4.6977963509;1.6306440351;0.3287232229;0.4726996306;0.0876063596;7.2954172837;12.1897246539;6.4170589372;0.7857643319;2.9897568031;0.7451298279;26.7310885472;0.5328366753;0.2967086903;5.5579408622;0.014043255;0.2674941008;7.6869618717;0.0476944762;0.0052806546;5.4709311607;0.0355507531;0.7600151472;0.2786872745;0.0254274783;0.1633091167;1.0803127196;38.9379925476;59.6326410794;1.3194230858;0.9992692839;0.6626924583;0.1640318434;8.1165459187;1.4277985682;1.2696541022;73.4760023614;0.2401672177;17.289441656;0.6897664236;0.1313919478;10.1000873514;0.0440182094;7.5747733313;0.0989344133;2.1661028204;0.1762000618;0.0886312933;0.0071138241;0.27676959;0.0115210472;0.2234286267;1.0638976683;0.0230941014;0.2596237972;3.0848905055;1.0605247008;1.3533046273
76;4.96667;4.66133;0.48426;15.16478;17.95918;1.49165;0.26983;15.36028;0.02908;3.84791;5.9825;1.70043;0.26617;0.12147;0.26339;4.07795;21.62898;28.02342;4.4139;8.5746;0.00704;74.32593;0.32064;0.4476;10.3393;0.01589;0.14284;2.90516;0.038256;0.004684;6.65234;0.20029;0.20351;0.06566;0.01449;0.60191;1.25989;29.91666;50.74639;3.09685;1.15857;0.39949;0.11367;0.92428;0.86073;1.90369;52.21104;0.51443;7.60414;3.14415;1.67514;46.99338;0.06055;7.74197;0.0141;0.4733;0.1883;0.15149;0.00327;0.27918;0.04746;1.34129;0.96407;0.01149;0.23274;1.06983;1.16519;0.6963
77;4.5666666667;2.4054982818;0.9632058288;15.8293333333;17.5;3.9811447811;0.8235640688;0.7891524109;0.0368347065;3.3753736868;2.7988126546;1.0623594837;0.2639073404;0.0836207356;0.0418517281;1.0651579225;2.5997272584;3.1912383949;0.2525716582;2.4300545688;0.403254002;3.0099497309;0.1545233072;0.1582820114;4.1076442343;0.0208649873;0.0714661215;0.3833171665;0.0553627829;0.0052649901;3.0364154833;0.0910625585;0.2016506959;0.299657113;0.0520782154;0.1137249642;0.5503629886;28.1926544366;21.5415487328;1.1839576587;0.9376481739;0.0101240288;0.0193546753;0.1020427809;0.0482370855;0.4709032199;21.999427855;0.1885923649;8.6021339868;0.3253189143;0.0128305594;0.7092682101;0.0175114963;1.6214383758;0.0374594943;0.0159328231;0.027377698;0.0447838235;0.0013854809;0.1355790503;0.0081940865;0.2832695106;0.2850592579;0.0198310848;0.1987196583;2.6583259335;0.7650466733;0.312708575
78;4.8;4.5125925926;0.3516483516;14.1477390956;16.7074829932;1.6843936922;1.2651376523;22.027054314;0.10020898;10.6480813993;5.3974379;1.325201047;1.315859589;0.1332778227;0.0884194565;8.8123129512;18.6070640063;8.8457568708;1.7386892129;3.4762231636;1.1187458759;135.8281631142;0.8118033159;0.5132792441;5.1517202963;0.0167566949;0.189191889;4.3782507104;0.1007389225;0.0039527855;4.1662959079;0.0526279941;1.0900617936;0.1492212384;0.1052104401;0.2390985613;1.8189981919;88.117327798;47.3474158127;3.3034720834;1.9271480881;1.1617627985;0.2827988021;2.4954025151;3.188993815;5.9544526064;47.9266938897;0.6328601995;32.2328029448;2.015569055;1.5359375259;12.9645747387;0.1601170066;14.5997885844;0.1313687757;1.6287599016;0.3354465114;0.1352523974;0.0154689441;0.3127673821;0.0133434977;0.7404343354;0.8905756382;0.0735898206;0.934250712;15.6539724347;2.7003602398;2.7228117175
79;3.8666666667;5.2242424242;0.3541218638;6.212345679;9.7230769231;2.2107526882;0.2046887853;72.2761981423;0.0242028823;3.0323291452;6.8757820841;0.7912704803;0.0846926146;0.1027408442;0.2559651794;8.0861097891;27.0056299405;21.8190387203;3.355731044;6.5253995945;0.0108229781;113.5019144328;2.418923591;0.410720889;8.0254953148;0.0292036636;0.0410938476;2.6245414371;0.1418361158;0.0052522222;1.5575011164;0.0611298211;0.3615883451;0.0159340688;0.0242333949;0.4804653163;2.4021155905;32.9426129256;93.6132863474;1.6389891709;0.5507409064;0.9802255192;0.080941904;0.7841736803;1.4957883014;0.4916528766;82.8719708018;0.2990832268;6.2002279756;2.6200650598;1.7667124917;52.799654259;0.0249622385;24.1704643928;0.1366357954;0.3629078975;0.1379394387;0.2391224511;0.0022742432;0.0800205724;0.0304919815;0.7055355405;1.319389202;0.00320275;0.1115834877;1.7082903609;0.8640348871;2.8231601118
80;4.9333333333;4.3536842105;0.3500931099;11.524435127;15.8326797386;2.1795559828;0.2029716825;65.9082900251;0.0525384336;2.7477047804;7.7709658309;2.3493983238;0.1756135819;0.0534000412;0.1864370695;11.202086598;18.9666979108;15.8059636262;2.7577887553;5.7825607114;0.0217449607;133.6478674534;0.9181139162;0.693844227;9.8611876468;0.0267018772;0.0674373435;3.321389055;0.1186154718;0.0037750401;2.1738464024;0.0386355983;0.0709769541;0.0397408795;0.0529313877;0.2611484488;2.0036465123;38.4772873876;105.5268599926;2.6922281787;1.1965025308;0.3452647651;0.1171089;1.0609925474;2.2961337811;7.5772099728;143.7492193127;0.5677358713;10.3852631488;2.1188024272;2.5898606924;87.5384147011;0.004261589;27.2651271085;0.0455776075;1.3422955636;0.1205028812;0.2650938562;0.0314018058;0.1351618115;0.0093525151;0.6192248551;0.9388431157;0.0086488789;0.2356949593;4.5345775193;1.80979859;1.7985133358
81;5.06667;4.816;0.55045;15.43648;18.62313;1.69239;0.30359;26.86604;0.02798;5.29435;9.46172;3.2103;0.34414;0.27329;0.25964;6.78696;45.45088;45.69687;7.67211;10.98249;0.01369;179.66021;0.50147;0.86358;13.99574;0.01487;0.16237;3.92499;0.086089;0.00776;5.35045;0.15893;0.20909;0.0887;0.03441;0.84526;1.76022;27.05918;59.97789;2.91604;1.21113;0.56183;0.12582;1.27268;1.12665;3.12809;55.93692;0.35042;5.00437;5.23359;3.4049;88.6421;0.08003;14.8998;0.01375;0.3784;0.10502;0.15769;0.00597;0.34975;0.0561;2.16458;0.74267;0.01649;0.24519;1.87896;2.18231;1.20036
82;3.8666666667;4.1757575758;0.3655913978;7.3777777778;9.7333333333;2.013104393;0.2759509493;16.4175368077;0.0219468678;2.7921403697;5.8191421961;0.4909574827;0.0750311279;0.2878457342;0.2083008868;3.9422527723;26.4675961779;27.7759557564;4.8903213426;6.8768023004;0.0855899793;42.1922786166;0.9139793835;0.36724086;6.134835979;0.0252308692;0.047850897;2.6016746906;0.1438256113;0.0193765996;1.0300284162;0.0642968263;0.11502247;0.0337035153;0.032710874;0.6793713376;1.4477090236;33.251716826;80.4820472947;2.1544633124;0.4758659041;0.723142073;0.0687837331;0.6566950971;1.9194452244;0.3721635015;74.7069810079;0.4892507646;9.2581144905;4.618585516;0.869381425;18.0454846561;0.0393179047;6.7196372659;0.1172695056;0.5124444747;0.1844092785;0.1127904845;0.0040051112;0.1702325312;0.1271034634;1.1182950542;1.5635498414;0.0035674675;0.1337294857;1.4013759176;0.6199333296;1.2917496589
83;4.2;3.6151202749;0.3030965392;14.1973333333;16.0777777778;5.1582491582;0.9140002445;6.3944904412;0.0493941434;4.3959613169;2.9734084844;0.6049913708;0.3207430689;0.1531931017;0.104017263;5.5257762835;7.6436512259;5.9630792476;0.6291484652;3.1071363827;0.2071128031;14.1956629786;0.2936418313;0.2570477685;4.8298751992;0.0096582728;0.0630181141;4.4259237951;0.0629633421;0.0052044258;4.2618162872;0.0782057577;0.6845679461;0.1325634851;0.0273489194;0.1698630393;0.5568664625;40.0214157009;30.144026159;1.8270090023;1.3132374957;0.7622506595;0.1505026614;1.951226857;0.4023329511;1.2345205344;49.981558719;0.3854099344;19.8609581243;0.6399682948;0.078517893;4.4676462171;0.0250914221;6.7634130732;0.0742444753;0.3274436336;0.1183370668;0.0866597016;0.0011577702;0.2639664958;0.0100432994;0.3039334614;0.6263589813;0.0164399142;0.3111261691;5.9885144984;0.7819571838;0.8297377911
84;4.7666666667;4.5361403509;0.3143389199;10.5291404612;14.4941176471;2.6710454297;0.2631343984;48.6101367398;0.0616778288;1.7026389089;5.5819385425;1.8375033528;0.1083180635;0.0590397029;0.2656669065;10.4795541773;10.3987479518;8.7999809997;1.8097392534;6.0494530881;0.0114879779;44.1529083494;0.8643086261;0.4757691639;9.2840292336;0.0278045927;0.061303615;5.6972115437;0.0952522601;0.0035295305;2.9802332681;0.0704262695;1.3519321766;0.0359975359;0.0480544518;0.208380695;2.1654368055;32.0186622869;180.8912372689;2.0497303777;0.7356953582;0.2828888444;0.1660471036;2.1119181071;1.4330140559;9.4657208979;152.6446701483;0.4013656261;6.2300110228;1.0230994745;1.1004025776;50.6007881259;0.0036290785;18.438535843;0.0574811241;1.6931989047;0.144649054;0.2865841911;0.0380369656;0.2246515632;0.0095742304;0.240860629;0.8143226728;0.0029711412;0.2096042051;5.9068377381;1.5755429465;1.3138610878
85;4.2;3.6940350877;0.3411545624;9.5901234568;13.5006535948;1.8754690483;0.2236139366;31.8194775567;0.0487760377;1.3652499361;4.6062977235;1.3217958303;0.0819085419;0.076687502;0.3044496519;7.6022152427;11.1639396782;12.2278785773;2.1354916448;5.5936926883;0.0071601045;31.9882724802;0.6182908293;0.3519816393;6.011314018;0.0317709419;0.0606669934;6.0807887109;0.0930014428;0.0015476454;1.7763029342;0.0570739381;0.0732176584;0.0369042395;0.0280358322;0.2015624124;1.5565910247;34.4354867821;130.1222494109;2.2833625432;0.9497880593;0.4803472019;0.1731336786;1.2717089169;1.5267189382;2.3359985306;122.3045325999;0.4566540473;7.0960766886;1.4170589758;0.892967996;36.0854208496;0.002231012;10.8791248359;0.0334369197;2.5411256625;0.1390766451;0.2189337375;0.0323976525;0.1489511105;0.0067824901;0.2368241187;1.0086988383;0.0014665247;0.1818729307;2.6030397032;1.141415059;0.9236856996
86;4.0333333333;4.5136842105;0.3604395604;7.3358490566;11.3386666667;2.3978106185;0.0814257304;18.112730707;0.0222517639;0.6533355847;3.0569246927;0.683116318;0.0506056697;0.0565234269;0.3640572815;4.7355868168;5.9322276304;10.1003502754;0.888516314;4.8657867016;0.0080336972;35.440196521;0.2859072376;0.2982710851;6.2423413768;0.0186662341;0.0369277528;3.1339547929;0.0638004354;0.0025218151;0.9235441097;0.0704055361;0.5651571884;0.0146173165;0.0191510849;0.202193741;0.9040421824;9.6930166065;55.4864760197;1.1087284996;0.3871925974;0.0231947702;0.1188424088;0.811636567;0.5252006077;2.2983788718;57.1732713376;0.2174435831;0.7048653708;0.6792778953;0.7046867912;50.8938282621;0.0051388277;7.3582035299;0.0215340601;0.4235570465;0.1021911505;0.1028281711;0.0114575941;0.0654840978;0.0047215676;0.3113237379;0.675307307;0.0024544249;0.1222851298;1.2841662123;0.5787372558;0.3610703709
87;4.5666666667;3.8295532646;0.3191256831;15.3066666667;17.1888888889;4.7622895623;0.9246405898;14.7363419691;0.0625051704;7.6303536752;5.2649594704;1.2086197061;0.7658413716;0.1845557106;0.0557685174;6.4224123401;18.5053817246;8.6010969699;1.5699069338;2.6611262667;0.0451845183;100.2431677987;0.6099328065;0.4599116445;5.1135040746;0.0148037676;0.0825693938;4.0871498417;0.0892998921;0.0042107172;2.2274278981;0.0901741084;0.6553001706;0.232734902;0.0478693903;0.2363526642;1.082739744;69.6738480779;26.7922541181;2.8579123666;2.0311616518;0.7694903754;0.2200638959;2.3188791985;0.619865596;2.7863883665;35.8103015005;0.5074057441;28.4474976768;1.8105743281;0.919283676;11.2591255637;0.0207509617;14.590045904;0.089333387;0.2802412299;0.1627778294;0.1393976894;0.0029433513;0.1581800515;0.0115598143;0.9299613093;0.8282172536;0.0607068956;0.687582803;12.8635586706;2.0486125907;1.2472925355
88;4.1333333333;3.0488888889;0.3076923077;13.9072162198;14.6176870748;1.4547036433;2.4671961946;2.996558952;0.0900194508;5.903943395;4.2219443494;0.5058839245;0.2397027653;0.1664704342;0.0994091917;3.5109366667;12.7289351427;7.9753441833;0.829661207;2.8302116264;2.8407583351;21.7661462865;0.2489814876;0.3073889737;3.2765585453;0.0154501543;0.5480201342;4.5288466718;0.0755223734;0.0036480692;3.0070222843;0.106839891;0.658366285;0.3827197183;0.0349616566;0.1093230163;0.8485982551;83.3879604691;33.1257586591;2.2031224806;1.3047038166;0.7420566059;0.2339049762;2.0225500073;1.4473704261;1.3063197367;60.0841350353;0.541532586;41.9295644759;1.3379531575;0.1061280154;2.9624322642;0.0183448801;2.6353725873;0.0828810965;1.2914098415;0.3162249657;0.2445522011;0.0028124489;0.4072287428;0.0100370977;0.4166076763;0.4822709037;0.0106151639;0.4023759649;10.8669019454;1.2456653245;1.1426875987
89;4.56667;4.07943;0.47125;13.87673;16.86241;1.54413;0.53462;25.93454;0.02882;2.7787;3.93054;0.92384;0.12531;0.06885;0.32047;9.57466;25.35017;31.93223;3.52883;11.5528;0.04709;61.36755;0.97399;0.35831;8.76498;0.03209;0.139;5.25609;0.047628;0.008723;5.5207;0.17939;0.30412;0.11278;0.02033;0.4046;1.24721;26.92378;26.18085;1.81203;0.84699;0.5335;0.14236;1.47135;0.3707;2.3139;43.04719;0.5074;11.73412;2.40029;0.88131;50.91507;0.02804;11.53235;0.01155;0.21435;0.17944;0.16563;0.0036;0.32761;0.02208;1.10084;0.76109;0.00492;0.1116;0.96912;0.47168;0.8487
